{
  "name" : "Values",
  "description" : null,
  "language" : null,
  "tags" : [ {
    "tag_name" : "-6",
    "tag_description" : null
  }, {
    "tag_name" : "-6500",
    "tag_description" : null
  }, {
    "tag_name" : "-9000",
    "tag_description" : null
  }, {
    "tag_name" : "&",
    "tag_description" : null
  }, {
    "tag_name" : "0",
    "tag_description" : null
  }, {
    "tag_name" : "1",
    "tag_description" : null
  }, {
    "tag_name" : "10",
    "tag_description" : null
  }, {
    "tag_name" : "115",
    "tag_description" : null
  }, {
    "tag_name" : "150000",
    "tag_description" : null
  }, {
    "tag_name" : "157",
    "tag_description" : null
  }, {
    "tag_name" : "1875",
    "tag_description" : null
  }, {
    "tag_name" : "1966",
    "tag_description" : null
  }, {
    "tag_name" : "2",
    "tag_description" : null
  }, {
    "tag_name" : "209000000",
    "tag_description" : null
  }, {
    "tag_name" : "3",
    "tag_description" : null
  }, {
    "tag_name" : "31,7",
    "tag_description" : null
  }, {
    "tag_name" : "31,7 divisé par 8",
    "tag_description" : null
  }, {
    "tag_name" : "31,7/8",
    "tag_description" : null
  }, {
    "tag_name" : "4",
    "tag_description" : null
  }, {
    "tag_name" : "40",
    "tag_description" : null
  }, {
    "tag_name" : "4326",
    "tag_description" : null
  }, {
    "tag_name" : "4360",
    "tag_description" : null
  }, {
    "tag_name" : "4700000000",
    "tag_description" : null
  }, {
    "tag_name" : "5",
    "tag_description" : null
  }, {
    "tag_name" : "50000",
    "tag_description" : null
  }, {
    "tag_name" : "59,6",
    "tag_description" : null
  }, {
    "tag_name" : "6",
    "tag_description" : null
  }, {
    "tag_name" : "68,6",
    "tag_description" : null
  }, {
    "tag_name" : "690",
    "tag_description" : null
  }, {
    "tag_name" : "8",
    "tag_description" : null
  }, {
    "tag_name" : "8,732",
    "tag_description" : null
  }, {
    "tag_name" : "9",
    "tag_description" : null
  }, {
    "tag_name" : "9,72",
    "tag_description" : null
  }, {
    "tag_name" : "90",
    "tag_description" : null
  }, {
    "tag_name" : "années-lumière",
    "tag_description" : null
  }, {
    "tag_name" : "Barreau",
    "tag_description" : null
  }, {
    "tag_name" : "câble",
    "tag_description" : null
  }, {
    "tag_name" : "câbles",
    "tag_description" : null
  }, {
    "tag_name" : "é",
    "tag_description" : null
  }, {
    "tag_name" : "épreuve",
    "tag_description" : null
  }, {
    "tag_name" : "logement",
    "tag_description" : null
  }, {
    "tag_name" : "SameAs",
    "tag_description" : null
  } ],
  "create_tag" : false
}