{
  "name" : "Attribute tags",
  "description" : null,
  "language" : null,
  "tags" : [ {
    "tag_name" : "aspect:activity",
    "tag_description" : null
  }, {
    "tag_name" : "aspect:atelic_process",
    "tag_description" : null
  }, {
    "tag_name" : "aspect:endeavor",
    "tag_description" : null
  }, {
    "tag_name" : "aspect:habitual",
    "tag_description" : null
  }, {
    "tag_name" : "aspect:performance",
    "tag_description" : null
  }, {
    "tag_name" : "aspect:process",
    "tag_description" : null
  }, {
    "tag_name" : "aspect:state",
    "tag_description" : null
  }, {
    "tag_name" : "degree:downtoner",
    "tag_description" : null
  }, {
    "tag_name" : "degree:intensifier",
    "tag_description" : null
  }, {
    "tag_name" : "modality:capacity",
    "tag_description" : null
  }, {
    "tag_name" : "modality:obligation",
    "tag_description" : null
  }, {
    "tag_name" : "modality:suggestion",
    "tag_description" : null
  }, {
    "tag_name" : "modality:temporal",
    "tag_description" : null
  }, {
    "tag_name" : "modality:uncertainty",
    "tag_description" : null
  }, {
    "tag_name" : "modality:wish",
    "tag_description" : null
  }, {
    "tag_name" : "polarity:negative",
    "tag_description" : null
  }, {
    "tag_name" : "polarity:positive",
    "tag_description" : null
  }, {
    "tag_name" : "type:feminine",
    "tag_description" : null
  }, {
    "tag_name" : "type:masculine",
    "tag_description" : null
  }, {
    "tag_name" : "type:question-choice",
    "tag_description" : null
  }, {
    "tag_name" : "type:question-closed",
    "tag_description" : null
  }, {
    "tag_name" : "type:question-open",
    "tag_description" : null
  } ],
  "create_tag" : false
}