{
  "name" : "Entity tags",
  "description" : "Entity tags from the Emvista's ontology (v. 0.14.0)",
  "language" : null,
  "tags" : [ {
    "tag_name" : "About",
    "tag_description" : "About"
  }, {
    "tag_name" : "Abstract",
    "tag_description" : null
  }, {
    "tag_name" : "Abstract_Archive",
    "tag_description" : null
  }, {
    "tag_name" : "Accept",
    "tag_description" : "Accept"
  }, {
    "tag_name" : "Access",
    "tag_description" : "Access"
  }, {
    "tag_name" : "Accompany",
    "tag_description" : "Accompany"
  }, {
    "tag_name" : "Acquiesce",
    "tag_description" : "Acquiesce"
  }, {
    "tag_name" : "Act",
    "tag_description" : null
  }, {
    "tag_name" : "Activate",
    "tag_description" : "Activate"
  }, {
    "tag_name" : "Actor",
    "tag_description" : null
  }, {
    "tag_name" : "Addict",
    "tag_description" : "Addict"
  }, {
    "tag_name" : "addition",
    "tag_description" : null
  }, {
    "tag_name" : "Adjust",
    "tag_description" : "Adjust"
  }, {
    "tag_name" : "Admire",
    "tag_description" : "Admire"
  }, {
    "tag_name" : "Admit",
    "tag_description" : "Admit"
  }, {
    "tag_name" : "Advise",
    "tag_description" : "Advise"
  }, {
    "tag_name" : "Age",
    "tag_description" : null
  }, {
    "tag_name" : "Agent",
    "tag_description" : null
  }, {
    "tag_name" : "Aircraft",
    "tag_description" : null
  }, {
    "tag_name" : "Allow",
    "tag_description" : "Allow"
  }, {
    "tag_name" : "alternative",
    "tag_description" : null
  }, {
    "tag_name" : "Amalgamate",
    "tag_description" : "Amalgamate"
  }, {
    "tag_name" : "American",
    "tag_description" : null
  }, {
    "tag_name" : "Animal",
    "tag_description" : null
  }, {
    "tag_name" : "Animal_sounds",
    "tag_description" : "Animal_sounds"
  }, {
    "tag_name" : "Anonymize",
    "tag_description" : "Anonymize"
  }, {
    "tag_name" : "Answer",
    "tag_description" : null
  }, {
    "tag_name" : "Apologize",
    "tag_description" : null
  }, {
    "tag_name" : "Appear",
    "tag_description" : "Appear"
  }, {
    "tag_name" : "Apply",
    "tag_description" : "Apply"
  }, {
    "tag_name" : "Appoint",
    "tag_description" : "Appoint"
  }, {
    "tag_name" : "Appointment",
    "tag_description" : "Appointment"
  }, {
    "tag_name" : "Approximate",
    "tag_description" : null
  }, {
    "tag_name" : "Archive",
    "tag_description" : null
  }, {
    "tag_name" : "Army",
    "tag_description" : null
  }, {
    "tag_name" : "Artist",
    "tag_description" : null
  }, {
    "tag_name" : "Artwork",
    "tag_description" : null
  }, {
    "tag_name" : "Artwork_Abstract",
    "tag_description" : null
  }, {
    "tag_name" : "Artwork_Concrete",
    "tag_description" : null
  }, {
    "tag_name" : "Assessment",
    "tag_description" : "Assessment"
  }, {
    "tag_name" : "Assuming_position",
    "tag_description" : "Assuming_position"
  }, {
    "tag_name" : "Astronomy",
    "tag_description" : null
  }, {
    "tag_name" : "Attack",
    "tag_description" : null
  }, {
    "tag_name" : "Attend",
    "tag_description" : "Attend"
  }, {
    "tag_name" : "Avoid",
    "tag_description" : "Avoid"
  }, {
    "tag_name" : "Banish",
    "tag_description" : "Banish"
  }, {
    "tag_name" : "Base",
    "tag_description" : "Base"
  }, {
    "tag_name" : "Bathe",
    "tag_description" : null
  }, {
    "tag_name" : "Battle",
    "tag_description" : null
  }, {
    "tag_name" : "be_against",
    "tag_description" : null
  }, {
    "tag_name" : "Be_bored",
    "tag_description" : "Be_bored"
  }, {
    "tag_name" : "Be_hungry",
    "tag_description" : "Be_hungry"
  }, {
    "tag_name" : "Become",
    "tag_description" : "Become"
  }, {
    "tag_name" : "Beg",
    "tag_description" : "Beg"
  }, {
    "tag_name" : "Begin",
    "tag_description" : "Begin"
  }, {
    "tag_name" : "Bend",
    "tag_description" : "Bend"
  }, {
    "tag_name" : "Benefit",
    "tag_description" : "Benefit"
  }, {
    "tag_name" : "Bill",
    "tag_description" : "Bill"
  }, {
    "tag_name" : "Blackmail",
    "tag_description" : "Blackmail"
  }, {
    "tag_name" : "Block",
    "tag_description" : null
  }, {
    "tag_name" : "Boat",
    "tag_description" : null
  }, {
    "tag_name" : "Body_internal_motion",
    "tag_description" : "Body_internal_motion"
  }, {
    "tag_name" : "Book",
    "tag_description" : null
  }, {
    "tag_name" : "Border",
    "tag_description" : null
  }, {
    "tag_name" : "Born",
    "tag_description" : null
  }, {
    "tag_name" : "Brand",
    "tag_description" : null
  }, {
    "tag_name" : "Break",
    "tag_description" : "Break"
  }, {
    "tag_name" : "Budget",
    "tag_description" : "Budget"
  }, {
    "tag_name" : "Build",
    "tag_description" : "Build"
  }, {
    "tag_name" : "Building",
    "tag_description" : null
  }, {
    "tag_name" : "BusinessFacility",
    "tag_description" : null
  }, {
    "tag_name" : "Calibratable_cos",
    "tag_description" : "Calibratable_cos"
  }, {
    "tag_name" : "Captain",
    "tag_description" : "Captain"
  }, {
    "tag_name" : "Cardinality",
    "tag_description" : "Cardinality"
  }, {
    "tag_name" : "Care",
    "tag_description" : "Care"
  }, {
    "tag_name" : "Carve",
    "tag_description" : "Carve"
  }, {
    "tag_name" : "Celebrate",
    "tag_description" : null
  }, {
    "tag_name" : "Celestia",
    "tag_description" : null
  }, {
    "tag_name" : "CelestialLoc",
    "tag_description" : null
  }, {
    "tag_name" : "Century",
    "tag_description" : null
  }, {
    "tag_name" : "Characterize",
    "tag_description" : "Characterize"
  }, {
    "tag_name" : "Charm",
    "tag_description" : "Charm"
  }, {
    "tag_name" : "Chase",
    "tag_description" : "Chase"
  }, {
    "tag_name" : "Cheat",
    "tag_description" : "Cheat"
  }, {
    "tag_name" : "Check",
    "tag_description" : "Check"
  }, {
    "tag_name" : "Chew",
    "tag_description" : "Chew"
  }, {
    "tag_name" : "City",
    "tag_description" : null
  }, {
    "tag_name" : "Clarify",
    "tag_description" : "Clarify"
  }, {
    "tag_name" : "Classify",
    "tag_description" : "Classify"
  }, {
    "tag_name" : "Clean",
    "tag_description" : "Clean"
  }, {
    "tag_name" : "Clear",
    "tag_description" : "Clear"
  }, {
    "tag_name" : "Cleric",
    "tag_description" : null
  }, {
    "tag_name" : "Cliff",
    "tag_description" : null
  }, {
    "tag_name" : "Close",
    "tag_description" : "Close"
  }, {
    "tag_name" : "Coast",
    "tag_description" : null
  }, {
    "tag_name" : "Coil",
    "tag_description" : "Coil"
  }, {
    "tag_name" : "Color",
    "tag_description" : null
  }, {
    "tag_name" : "Coloring",
    "tag_description" : "Coloring"
  }, {
    "tag_name" : "Company",
    "tag_description" : null
  }, {
    "tag_name" : "Complain",
    "tag_description" : "Complain"
  }, {
    "tag_name" : "Complete",
    "tag_description" : "Complete"
  }, {
    "tag_name" : "Comprehend",
    "tag_description" : "Comprehend"
  }, {
    "tag_name" : "Concealment",
    "tag_description" : "Concealment"
  }, {
    "tag_name" : "Concrete",
    "tag_description" : null
  }, {
    "tag_name" : "Concrete_Archive",
    "tag_description" : null
  }, {
    "tag_name" : "Conduct",
    "tag_description" : null
  }, {
    "tag_name" : "Confine",
    "tag_description" : "Confine"
  }, {
    "tag_name" : "Confirm_receipt",
    "tag_description" : "Confirm_receipt"
  }, {
    "tag_name" : "Confront",
    "tag_description" : "Confront"
  }, {
    "tag_name" : "Conjecture",
    "tag_description" : "Conjecture"
  }, {
    "tag_name" : "Conspire",
    "tag_description" : "Conspire"
  }, {
    "tag_name" : "Consume",
    "tag_description" : "Consume"
  }, {
    "tag_name" : "Conta",
    "tag_description" : null
  }, {
    "tag_name" : "Contacting",
    "tag_description" : "Contacting"
  }, {
    "tag_name" : "Contain",
    "tag_description" : null
  }, {
    "tag_name" : "Contiguous_location",
    "tag_description" : null
  }, {
    "tag_name" : "Continent",
    "tag_description" : null
  }, {
    "tag_name" : "Continue",
    "tag_description" : "Continue"
  }, {
    "tag_name" : "Contradict",
    "tag_description" : "Contradict"
  }, {
    "tag_name" : "Convert",
    "tag_description" : "Convert"
  }, {
    "tag_name" : "Convey",
    "tag_description" : "Convey"
  }, {
    "tag_name" : "Convince",
    "tag_description" : "Convince"
  }, {
    "tag_name" : "Cooking",
    "tag_description" : "Cooking"
  }, {
    "tag_name" : "Cooperate",
    "tag_description" : "Cooperate"
  }, {
    "tag_name" : "Cope",
    "tag_description" : "Cope"
  }, {
    "tag_name" : "Correspond",
    "tag_description" : "Correspond"
  }, {
    "tag_name" : "Cost",
    "tag_description" : "Cost"
  }, {
    "tag_name" : "Country",
    "tag_description" : null
  }, {
    "tag_name" : "Cruise",
    "tag_description" : null
  }, {
    "tag_name" : "Cuddle",
    "tag_description" : "Cuddle"
  }, {
    "tag_name" : "Culminate",
    "tag_description" : null
  }, {
    "tag_name" : "CultureFacility",
    "tag_description" : null
  }, {
    "tag_name" : "Curtsey",
    "tag_description" : "Curtsey"
  }, {
    "tag_name" : "Cut",
    "tag_description" : "Cut"
  }, {
    "tag_name" : "Day",
    "tag_description" : null
  }, {
    "tag_name" : "Dazzle",
    "tag_description" : "Dazzle"
  }, {
    "tag_name" : "DCT",
    "tag_description" : null
  }, {
    "tag_name" : "Decide",
    "tag_description" : "Decide"
  }, {
    "tag_name" : "Dedicate",
    "tag_description" : "Dedicate"
  }, {
    "tag_name" : "Deduce",
    "tag_description" : "Deduce"
  }, {
    "tag_name" : "Defend",
    "tag_description" : "Defend"
  }, {
    "tag_name" : "Delay",
    "tag_description" : "Delay"
  }, {
    "tag_name" : "Deny",
    "tag_description" : null
  }, {
    "tag_name" : "Depend",
    "tag_description" : "Depend"
  }, {
    "tag_name" : "Derive",
    "tag_description" : "Derive"
  }, {
    "tag_name" : "Deserve",
    "tag_description" : "Deserve"
  }, {
    "tag_name" : "Destroy",
    "tag_description" : "Destroy"
  }, {
    "tag_name" : "Die",
    "tag_description" : "Die"
  }, {
    "tag_name" : "Differ",
    "tag_description" : "Differ"
  }, {
    "tag_name" : "Dig",
    "tag_description" : "Dig"
  }, {
    "tag_name" : "Dimension",
    "tag_description" : null
  }, {
    "tag_name" : "Direction",
    "tag_description" : null
  }, {
    "tag_name" : "Disappearance",
    "tag_description" : "Disappearance"
  }, {
    "tag_name" : "Disassemble",
    "tag_description" : "Disassemble"
  }, {
    "tag_name" : "Discover",
    "tag_description" : "Discover"
  }, {
    "tag_name" : "Disease",
    "tag_description" : null
  }, {
    "tag_name" : "DistanceUnit",
    "tag_description" : null
  }, {
    "tag_name" : "District",
    "tag_description" : null
  }, {
    "tag_name" : "Disturb",
    "tag_description" : "Disturb"
  }, {
    "tag_name" : "Document Creation Time",
    "tag_description" : null
  }, {
    "tag_name" : "Dress",
    "tag_description" : "Dress"
  }, {
    "tag_name" : "Drink",
    "tag_description" : "Drink"
  }, {
    "tag_name" : "Drive",
    "tag_description" : null
  }, {
    "tag_name" : "Eat",
    "tag_description" : "Eat"
  }, {
    "tag_name" : "Economize",
    "tag_description" : "Economize"
  }, {
    "tag_name" : "Educate",
    "tag_description" : "Educate"
  }, {
    "tag_name" : "EMail",
    "tag_description" : null
  }, {
    "tag_name" : "Embody",
    "tag_description" : "Embody"
  }, {
    "tag_name" : "Emotional_shock",
    "tag_description" : "Emotional_shock"
  }, {
    "tag_name" : "Empathize",
    "tag_description" : "Empathize"
  }, {
    "tag_name" : "Emphasizing",
    "tag_description" : "Emphasizing"
  }, {
    "tag_name" : "Encourage",
    "tag_description" : "Encourage"
  }, {
    "tag_name" : "Enforce",
    "tag_description" : "Enforce"
  }, {
    "tag_name" : "Engender",
    "tag_description" : "Engender"
  }, {
    "tag_name" : "Engineer",
    "tag_description" : null
  }, {
    "tag_name" : "Enhance",
    "tag_description" : "Enhance"
  }, {
    "tag_name" : "Ensure",
    "tag_description" : "Ensure"
  }, {
    "tag_name" : "Epidemic",
    "tag_description" : null
  }, {
    "tag_name" : "Equip",
    "tag_description" : "Equip"
  }, {
    "tag_name" : "Establish",
    "tag_description" : null
  }, {
    "tag_name" : "Estimate",
    "tag_description" : "Estimate"
  }, {
    "tag_name" : "Ethnicity",
    "tag_description" : null
  }, {
    "tag_name" : "Event",
    "tag_description" : null
  }, {
    "tag_name" : "Exceed",
    "tag_description" : "Exceed"
  }, {
    "tag_name" : "Exchange",
    "tag_description" : "Exchange"
  }, {
    "tag_name" : "Exhale",
    "tag_description" : "Exhale"
  }, {
    "tag_name" : "Exist",
    "tag_description" : "Exist"
  }, {
    "tag_name" : "Experiencer",
    "tag_description" : null
  }, {
    "tag_name" : "Expire",
    "tag_description" : "Expire"
  }, {
    "tag_name" : "Extand",
    "tag_description" : null
  }, {
    "tag_name" : "Extend",
    "tag_description" : null
  }, {
    "tag_name" : "Facilitate",
    "tag_description" : "Facilitate"
  }, {
    "tag_name" : "Facility",
    "tag_description" : null
  }, {
    "tag_name" : "Fail",
    "tag_description" : "Fail"
  }, {
    "tag_name" : "Feeding",
    "tag_description" : "Feeding"
  }, {
    "tag_name" : "Fictional_Character",
    "tag_description" : null
  }, {
    "tag_name" : "Fill",
    "tag_description" : "Fill"
  }, {
    "tag_name" : "Fit",
    "tag_description" : "Fit"
  }, {
    "tag_name" : "Fix",
    "tag_description" : "Fix"
  }, {
    "tag_name" : "Flinch",
    "tag_description" : "Flinch"
  }, {
    "tag_name" : "Floss",
    "tag_description" : "Floss"
  }, {
    "tag_name" : "Focus",
    "tag_description" : "Focus"
  }, {
    "tag_name" : "Follow",
    "tag_description" : "Follow"
  }, {
    "tag_name" : "FootballPlayer",
    "tag_description" : null
  }, {
    "tag_name" : "Forbid",
    "tag_description" : "Forbid"
  }, {
    "tag_name" : "Force",
    "tag_description" : "Force"
  }, {
    "tag_name" : "Format",
    "tag_description" : "Format de fichier, par exemple pdf, txt, excel\r\nPar exemple \"un pdf\" est Archive mais \"envoie-le moi en pdf\" alors Format"
  }, {
    "tag_name" : "Free",
    "tag_description" : "Free"
  }, {
    "tag_name" : "Frequency",
    "tag_description" : null
  }, {
    "tag_name" : "Fulfilling",
    "tag_description" : "Fulfilling"
  }, {
    "tag_name" : "Function",
    "tag_description" : null
  }, {
    "tag_name" : "Game",
    "tag_description" : null
  }, {
    "tag_name" : "Get",
    "tag_description" : "Get"
  }, {
    "tag_name" : "Get_dismissed",
    "tag_description" : "Get_dismissed"
  }, {
    "tag_name" : "Get_in_touch",
    "tag_description" : "Get_in_touch"
  }, {
    "tag_name" : "Give",
    "tag_description" : "Give"
  }, {
    "tag_name" : "Gobble",
    "tag_description" : "Gobble"
  }, {
    "tag_name" : "Gorge",
    "tag_description" : "Gorge"
  }, {
    "tag_name" : "Govern",
    "tag_description" : null
  }, {
    "tag_name" : "GovernmentalOrganization",
    "tag_description" : null
  }, {
    "tag_name" : "Groom",
    "tag_description" : "Groom"
  }, {
    "tag_name" : "Hate",
    "tag_description" : "Hate"
  }, {
    "tag_name" : "Have_time",
    "tag_description" : "Have_time"
  }, {
    "tag_name" : "Hear",
    "tag_description" : "Hear"
  }, {
    "tag_name" : "Help",
    "tag_description" : "Help"
  }, {
    "tag_name" : "Herd",
    "tag_description" : "Herd"
  }, {
    "tag_name" : "Hesitate",
    "tag_description" : "Hesitate"
  }, {
    "tag_name" : "Hiccup",
    "tag_description" : "Hiccup"
  }, {
    "tag_name" : "Hire",
    "tag_description" : "Hire"
  }, {
    "tag_name" : "Hit",
    "tag_description" : "Hit"
  }, {
    "tag_name" : "Hold",
    "tag_description" : "Hold"
  }, {
    "tag_name" : "Hour",
    "tag_description" : null
  }, {
    "tag_name" : "Human",
    "tag_description" : null
  }, {
    "tag_name" : "Hunt",
    "tag_description" : "Hunt"
  }, {
    "tag_name" : "Hurt",
    "tag_description" : "Hurt"
  }, {
    "tag_name" : "Idea",
    "tag_description" : null
  }, {
    "tag_name" : "Identify",
    "tag_description" : "Identify"
  }, {
    "tag_name" : "Illustrate",
    "tag_description" : "Illustrate"
  }, {
    "tag_name" : "Illustration",
    "tag_description" : null
  }, {
    "tag_name" : "Image_impression",
    "tag_description" : "Image_impression"
  }, {
    "tag_name" : "Impact",
    "tag_description" : "Impact"
  }, {
    "tag_name" : "Increase",
    "tag_description" : null
  }, {
    "tag_name" : "Indicate",
    "tag_description" : "Indicate"
  }, {
    "tag_name" : "Influence",
    "tag_description" : "Influence"
  }, {
    "tag_name" : "Infraction",
    "tag_description" : "Infraction"
  }, {
    "tag_name" : "Inhale",
    "tag_description" : "Inhale"
  }, {
    "tag_name" : "Innovate",
    "tag_description" : "Innovate"
  }, {
    "tag_name" : "Inquire",
    "tag_description" : "Inquire"
  }, {
    "tag_name" : "Instr_communication",
    "tag_description" : "Instr_communication"
  }, {
    "tag_name" : "Interrogate",
    "tag_description" : "Interrogate"
  }, {
    "tag_name" : "Invest",
    "tag_description" : null
  }, {
    "tag_name" : "Investigate",
    "tag_description" : "Investigate"
  }, {
    "tag_name" : "Invite",
    "tag_description" : "Invite"
  }, {
    "tag_name" : "Involve",
    "tag_description" : "Involve"
  }, {
    "tag_name" : "Island",
    "tag_description" : null
  }, {
    "tag_name" : "Judgment",
    "tag_description" : "Judgment"
  }, {
    "tag_name" : "Keep",
    "tag_description" : "Keep"
  }, {
    "tag_name" : "Knead",
    "tag_description" : "Knead"
  }, {
    "tag_name" : "Know",
    "tag_description" : "Know"
  }, {
    "tag_name" : "Land",
    "tag_description" : "Land"
  }, {
    "tag_name" : "Language",
    "tag_description" : null
  }, {
    "tag_name" : "Last",
    "tag_description" : "Last"
  }, {
    "tag_name" : "Learn",
    "tag_description" : "Learn"
  }, {
    "tag_name" : "Leave",
    "tag_description" : "Leave"
  }, {
    "tag_name" : "Lecture",
    "tag_description" : "Lecture"
  }, {
    "tag_name" : "Length",
    "tag_description" : null
  }, {
    "tag_name" : "Let",
    "tag_description" : null
  }, {
    "tag_name" : "Lie",
    "tag_description" : "Lie"
  }, {
    "tag_name" : "Light_emission",
    "tag_description" : "Light_emission"
  }, {
    "tag_name" : "Limit",
    "tag_description" : "Limit"
  }, {
    "tag_name" : "Linger",
    "tag_description" : "Linger"
  }, {
    "tag_name" : "List",
    "tag_description" : "List"
  }, {
    "tag_name" : "Living_Being",
    "tag_description" : null
  }, {
    "tag_name" : "Located_at",
    "tag_description" : "Located_at"
  }, {
    "tag_name" : "Location",
    "tag_description" : null
  }, {
    "tag_name" : "Lodge",
    "tag_description" : "Lodge"
  }, {
    "tag_name" : "Login",
    "tag_description" : "Login"
  }, {
    "tag_name" : "Logout",
    "tag_description" : "Logout"
  }, {
    "tag_name" : "Long",
    "tag_description" : "Long"
  }, {
    "tag_name" : "Lose",
    "tag_description" : "Lose"
  }, {
    "tag_name" : "Machine",
    "tag_description" : null
  }, {
    "tag_name" : "Manage",
    "tag_description" : "Manage"
  }, {
    "tag_name" : "Marry",
    "tag_description" : "Marry"
  }, {
    "tag_name" : "Marvel",
    "tag_description" : "Marvel"
  }, {
    "tag_name" : "Match",
    "tag_description" : null
  }, {
    "tag_name" : "Material",
    "tag_description" : null
  }, {
    "tag_name" : "Math_operate",
    "tag_description" : "Math_operate"
  }, {
    "tag_name" : "Matter",
    "tag_description" : "Matter"
  }, {
    "tag_name" : "Mean",
    "tag_description" : null
  }, {
    "tag_name" : "Measure",
    "tag_description" : null
  }, {
    "tag_name" : "MeasureExact",
    "tag_description" : null
  }, {
    "tag_name" : "MeasureMin",
    "tag_description" : null
  }, {
    "tag_name" : "Media",
    "tag_description" : null
  }, {
    "tag_name" : "Meet",
    "tag_description" : "Meet"
  }, {
    "tag_name" : "Method",
    "tag_description" : null
  }, {
    "tag_name" : "Military",
    "tag_description" : null
  }, {
    "tag_name" : "Mine",
    "tag_description" : "Mine"
  }, {
    "tag_name" : "Minute",
    "tag_description" : null
  }, {
    "tag_name" : "Mistake",
    "tag_description" : null
  }, {
    "tag_name" : "Mix",
    "tag_description" : "Mix"
  }, {
    "tag_name" : "Modes_of_being_with_motion",
    "tag_description" : "Modes_of_being_with_motion"
  }, {
    "tag_name" : "Money",
    "tag_description" : null
  }, {
    "tag_name" : "Month",
    "tag_description" : null
  }, {
    "tag_name" : "Mount",
    "tag_description" : null
  }, {
    "tag_name" : "Mountain",
    "tag_description" : null
  }, {
    "tag_name" : "Move",
    "tag_description" : "Move"
  }, {
    "tag_name" : "Movie",
    "tag_description" : null
  }, {
    "tag_name" : "Murder",
    "tag_description" : "Murder"
  }, {
    "tag_name" : "Music",
    "tag_description" : null
  }, {
    "tag_name" : "MusicalInstrument",
    "tag_description" : null
  }, {
    "tag_name" : "MusicBand",
    "tag_description" : null
  }, {
    "tag_name" : "Musician",
    "tag_description" : null
  }, {
    "tag_name" : "Name",
    "tag_description" : "Name"
  }, {
    "tag_name" : "Nationality",
    "tag_description" : null
  }, {
    "tag_name" : "Neglect",
    "tag_description" : "Neglect"
  }, {
    "tag_name" : "Negociate",
    "tag_description" : null
  }, {
    "tag_name" : "Nonverbal_expression",
    "tag_description" : "Nonverbal_expression"
  }, {
    "tag_name" : "Not_care_about",
    "tag_description" : "Not_care_about"
  }, {
    "tag_name" : "Notice",
    "tag_description" : "Notice"
  }, {
    "tag_name" : "Obligation",
    "tag_description" : "Obligation"
  }, {
    "tag_name" : "Occurrence",
    "tag_description" : "Occurrence"
  }, {
    "tag_name" : "Open",
    "tag_description" : "Open"
  }, {
    "tag_name" : "Operate",
    "tag_description" : "Operate"
  }, {
    "tag_name" : "Order",
    "tag_description" : "Order"
  }, {
    "tag_name" : "Ordinal",
    "tag_description" : null
  }, {
    "tag_name" : "Organise",
    "tag_description" : "Organise"
  }, {
    "tag_name" : "Organization",
    "tag_description" : null
  }, {
    "tag_name" : "Orientation",
    "tag_description" : null
  }, {
    "tag_name" : "Overstate",
    "tag_description" : "Overstate"
  }, {
    "tag_name" : "Own",
    "tag_description" : "Own"
  }, {
    "tag_name" : "Pain",
    "tag_description" : "Pain"
  }, {
    "tag_name" : "Painting",
    "tag_description" : null
  }, {
    "tag_name" : "Park",
    "tag_description" : null
  }, {
    "tag_name" : "Part",
    "tag_description" : "Part"
  }, {
    "tag_name" : "Part-of",
    "tag_description" : null
  }, {
    "tag_name" : "Patent",
    "tag_description" : "Patent"
  }, {
    "tag_name" : "Pay",
    "tag_description" : "Pay"
  }, {
    "tag_name" : "Performance",
    "tag_description" : "Performance"
  }, {
    "tag_name" : "PhoneNumber",
    "tag_description" : null
  }, {
    "tag_name" : "Pivot",
    "tag_description" : null
  }, {
    "tag_name" : "Plug",
    "tag_description" : "Plug"
  }, {
    "tag_name" : "Pocket",
    "tag_description" : "Pocket"
  }, {
    "tag_name" : "Poem",
    "tag_description" : null
  }, {
    "tag_name" : "PoliticalParty",
    "tag_description" : null
  }, {
    "tag_name" : "Politician",
    "tag_description" : null
  }, {
    "tag_name" : "Position",
    "tag_description" : null
  }, {
    "tag_name" : "Postpone",
    "tag_description" : "Postpone"
  }, {
    "tag_name" : "Pour",
    "tag_description" : "Pour"
  }, {
    "tag_name" : "Power",
    "tag_description" : null
  }, {
    "tag_name" : "Precede",
    "tag_description" : "Precede"
  }, {
    "tag_name" : "Preparing",
    "tag_description" : "Preparing"
  }, {
    "tag_name" : "Press",
    "tag_description" : null
  }, {
    "tag_name" : "Price",
    "tag_description" : "Price"
  }, {
    "tag_name" : "Process",
    "tag_description" : "Process"
  }, {
    "tag_name" : "Product",
    "tag_description" : null
  }, {
    "tag_name" : "Product_Abstract",
    "tag_description" : null
  }, {
    "tag_name" : "Product_Concrete",
    "tag_description" : null
  }, {
    "tag_name" : "Progress",
    "tag_description" : "Progress"
  }, {
    "tag_name" : "Promote",
    "tag_description" : "Promote"
  }, {
    "tag_name" : "Pronounce",
    "tag_description" : null
  }, {
    "tag_name" : "Property",
    "tag_description" : null
  }, {
    "tag_name" : "Protect",
    "tag_description" : "Protect"
  }, {
    "tag_name" : "Publish",
    "tag_description" : "Publish"
  }, {
    "tag_name" : "Purpose",
    "tag_description" : null
  }, {
    "tag_name" : "Push",
    "tag_description" : "Push"
  }, {
    "tag_name" : "Put",
    "tag_description" : "Put"
  }, {
    "tag_name" : "Put_direction",
    "tag_description" : "Put_direction"
  }, {
    "tag_name" : "Put_spatial",
    "tag_description" : "Put_spatial"
  }, {
    "tag_name" : "Quote",
    "tag_description" : null
  }, {
    "tag_name" : "Raise_funds",
    "tag_description" : "Raise_funds"
  }, {
    "tag_name" : "Rank",
    "tag_description" : null
  }, {
    "tag_name" : "Reach",
    "tag_description" : "Reach"
  }, {
    "tag_name" : "Recipient",
    "tag_description" : null
  }, {
    "tag_name" : "Reduce",
    "tag_description" : "Reduce"
  }, {
    "tag_name" : "Reference",
    "tag_description" : "Une référence est une chaîne numérique ou alphanumérique. Par exemple le numéro d'une plaque d'immatriculation \"625 FG 34\" ou le numéro d'une facture \"3654/546651\"."
  }, {
    "tag_name" : "Reference_Code_Postal",
    "tag_description" : null
  }, {
    "tag_name" : "Reference_Document",
    "tag_description" : null
  }, {
    "tag_name" : "Reference_Vehicle",
    "tag_description" : null
  }, {
    "tag_name" : "Refrain",
    "tag_description" : "Refrain"
  }, {
    "tag_name" : "Regiment",
    "tag_description" : null
  }, {
    "tag_name" : "Region",
    "tag_description" : null
  }, {
    "tag_name" : "Register",
    "tag_description" : "Register"
  }, {
    "tag_name" : "Rehearse",
    "tag_description" : "Rehearse"
  }, {
    "tag_name" : "Reinforce",
    "tag_description" : "Reinforce"
  }, {
    "tag_name" : "Religion",
    "tag_description" : null
  }, {
    "tag_name" : "ReligionFacility",
    "tag_description" : null
  }, {
    "tag_name" : "ReligionOrganization",
    "tag_description" : null
  }, {
    "tag_name" : "ReligiousAct",
    "tag_description" : null
  }, {
    "tag_name" : "Rely",
    "tag_description" : "Rely"
  }, {
    "tag_name" : "Remove",
    "tag_description" : "Remove"
  }, {
    "tag_name" : "Replace",
    "tag_description" : "Replace"
  }, {
    "tag_name" : "Require",
    "tag_description" : "Require"
  }, {
    "tag_name" : "Resign",
    "tag_description" : "Resign"
  }, {
    "tag_name" : "Respect",
    "tag_description" : null
  }, {
    "tag_name" : "Result",
    "tag_description" : "Result"
  }, {
    "tag_name" : "Reverse",
    "tag_description" : "Reverse"
  }, {
    "tag_name" : "Reward",
    "tag_description" : null
  }, {
    "tag_name" : "Rhythm",
    "tag_description" : "Rhythm"
  }, {
    "tag_name" : "Risk",
    "tag_description" : "Risk"
  }, {
    "tag_name" : "Roll",
    "tag_description" : "Roll"
  }, {
    "tag_name" : "Ruin",
    "tag_description" : null
  }, {
    "tag_name" : "Rush",
    "tag_description" : "Rush"
  }, {
    "tag_name" : "SameAs",
    "tag_description" : null
  }, {
    "tag_name" : "Satisfy",
    "tag_description" : null
  }, {
    "tag_name" : "Save_information",
    "tag_description" : "Save_information"
  }, {
    "tag_name" : "Scan",
    "tag_description" : "Scan"
  }, {
    "tag_name" : "Scientist",
    "tag_description" : null
  }, {
    "tag_name" : "Scribble",
    "tag_description" : "Scribble"
  }, {
    "tag_name" : "Sculpture",
    "tag_description" : null
  }, {
    "tag_name" : "Sea",
    "tag_description" : null
  }, {
    "tag_name" : "Search",
    "tag_description" : "Search"
  }, {
    "tag_name" : "Season",
    "tag_description" : null
  }, {
    "tag_name" : "Second",
    "tag_description" : null
  }, {
    "tag_name" : "See",
    "tag_description" : "See"
  }, {
    "tag_name" : "Seem",
    "tag_description" : "Seem"
  }, {
    "tag_name" : "Select",
    "tag_description" : "Select"
  }, {
    "tag_name" : "Separate",
    "tag_description" : "Separate"
  }, {
    "tag_name" : "Set",
    "tag_description" : "Set"
  }, {
    "tag_name" : "Settle",
    "tag_description" : "Settle"
  }, {
    "tag_name" : "Shake",
    "tag_description" : "Shake"
  }, {
    "tag_name" : "Share",
    "tag_description" : "Share"
  }, {
    "tag_name" : "Show",
    "tag_description" : null
  }, {
    "tag_name" : "Simulate",
    "tag_description" : "Simulate"
  }, {
    "tag_name" : "Sing",
    "tag_description" : "Sing"
  }, {
    "tag_name" : "Slide",
    "tag_description" : "Slide"
  }, {
    "tag_name" : "Slip_away",
    "tag_description" : "Slip_away"
  }, {
    "tag_name" : "Smell",
    "tag_description" : "Smell"
  }, {
    "tag_name" : "Smell_emission",
    "tag_description" : "Smell_emission"
  }, {
    "tag_name" : "Snooze",
    "tag_description" : "Snooze"
  }, {
    "tag_name" : "Software",
    "tag_description" : null
  }, {
    "tag_name" : "Solve",
    "tag_description" : "Solve"
  }, {
    "tag_name" : "Sound_emission",
    "tag_description" : "Sound_emission"
  }, {
    "tag_name" : "Sound_existence",
    "tag_description" : "Sound_existence"
  }, {
    "tag_name" : "Spank",
    "tag_description" : "Spank"
  }, {
    "tag_name" : "Spatial_configuration",
    "tag_description" : "Spatial_configuration"
  }, {
    "tag_name" : "Specialize",
    "tag_description" : null
  }, {
    "tag_name" : "Speed",
    "tag_description" : "Speed"
  }, {
    "tag_name" : "SpeedUnit",
    "tag_description" : null
  }, {
    "tag_name" : "Split",
    "tag_description" : null
  }, {
    "tag_name" : "Sport",
    "tag_description" : null
  }, {
    "tag_name" : "SportsActor",
    "tag_description" : null
  }, {
    "tag_name" : "SportsOrganization",
    "tag_description" : null
  }, {
    "tag_name" : "SportsTeam",
    "tag_description" : null
  }, {
    "tag_name" : "Spray",
    "tag_description" : "Spray"
  }, {
    "tag_name" : "State",
    "tag_description" : null
  }, {
    "tag_name" : "StateOrProvince",
    "tag_description" : null
  }, {
    "tag_name" : "Steal",
    "tag_description" : "Steal"
  }, {
    "tag_name" : "Stop",
    "tag_description" : "Stop"
  }, {
    "tag_name" : "StreetAddress",
    "tag_description" : null
  }, {
    "tag_name" : "Study",
    "tag_description" : "Study"
  }, {
    "tag_name" : "Subjugate",
    "tag_description" : null
  }, {
    "tag_name" : "Subscribe",
    "tag_description" : "Subscribe"
  }, {
    "tag_name" : "Substance_emission",
    "tag_description" : "Substance_emission"
  }, {
    "tag_name" : "Succeed",
    "tag_description" : "Succeed"
  }, {
    "tag_name" : "Suffocate",
    "tag_description" : "Suffocate"
  }, {
    "tag_name" : "Surprise",
    "tag_description" : null
  }, {
    "tag_name" : "Suspect",
    "tag_description" : "Suspect"
  }, {
    "tag_name" : "Sustain",
    "tag_description" : "Sustain"
  }, {
    "tag_name" : "Swarm",
    "tag_description" : "Swarm"
  }, {
    "tag_name" : "Swing",
    "tag_description" : "Swing"
  }, {
    "tag_name" : "Synthetize",
    "tag_description" : "Synthetize"
  }, {
    "tag_name" : "Take_care",
    "tag_description" : "Take_care"
  }, {
    "tag_name" : "Take_opportunity",
    "tag_description" : "Take_opportunity"
  }, {
    "tag_name" : "Take_over",
    "tag_description" : "Take_over"
  }, {
    "tag_name" : "Talk",
    "tag_description" : "Talk"
  }, {
    "tag_name" : "Tape",
    "tag_description" : "Tape"
  }, {
    "tag_name" : "Target",
    "tag_description" : "Target"
  }, {
    "tag_name" : "Thank",
    "tag_description" : null
  }, {
    "tag_name" : "Theatre",
    "tag_description" : null
  }, {
    "tag_name" : "Theme",
    "tag_description" : null
  }, {
    "tag_name" : "Think",
    "tag_description" : "Think"
  }, {
    "tag_name" : "Threaten",
    "tag_description" : "Threaten"
  }, {
    "tag_name" : "Thrive",
    "tag_description" : null
  }, {
    "tag_name" : "Throw",
    "tag_description" : "Throw"
  }, {
    "tag_name" : "Tile",
    "tag_description" : null
  }, {
    "tag_name" : "Time",
    "tag_description" : null
  }, {
    "tag_name" : "Timed",
    "tag_description" : null
  }, {
    "tag_name" : "TimeUnit",
    "tag_description" : null
  }, {
    "tag_name" : "Tingle",
    "tag_description" : "Tingle"
  }, {
    "tag_name" : "Train",
    "tag_description" : "Train"
  }, {
    "tag_name" : "Transcribe",
    "tag_description" : "Transcribe"
  }, {
    "tag_name" : "Transfer_mesg",
    "tag_description" : "Transfer_mesg"
  }, {
    "tag_name" : "Trap",
    "tag_description" : null
  }, {
    "tag_name" : "Try",
    "tag_description" : "Try"
  }, {
    "tag_name" : "Turn_into",
    "tag_description" : "Turn_into"
  }, {
    "tag_name" : "Turn_off",
    "tag_description" : "Turn_off"
  }, {
    "tag_name" : "Turn_on",
    "tag_description" : "Turn_on"
  }, {
    "tag_name" : "TV_Show",
    "tag_description" : null
  }, {
    "tag_name" : "Type",
    "tag_description" : null
  }, {
    "tag_name" : "Undergo",
    "tag_description" : "Undergo"
  }, {
    "tag_name" : "Undertake",
    "tag_description" : "Undertake"
  }, {
    "tag_name" : "Undress",
    "tag_description" : "Undress"
  }, {
    "tag_name" : "Unit",
    "tag_description" : "Unit of measurement"
  }, {
    "tag_name" : "Unknown",
    "tag_description" : null
  }, {
    "tag_name" : "Unregister",
    "tag_description" : "Unregister"
  }, {
    "tag_name" : "Update",
    "tag_description" : "Update"
  }, {
    "tag_name" : "Url",
    "tag_description" : null
  }, {
    "tag_name" : "Use",
    "tag_description" : "Use"
  }, {
    "tag_name" : "Vegetal",
    "tag_description" : null
  }, {
    "tag_name" : "Vehicle",
    "tag_description" : null
  }, {
    "tag_name" : "Visit",
    "tag_description" : "Visit"
  }, {
    "tag_name" : "Void",
    "tag_description" : "Void"
  }, {
    "tag_name" : "Volume",
    "tag_description" : null
  }, {
    "tag_name" : "Vouvoyer",
    "tag_description" : "Vouvoyer"
  }, {
    "tag_name" : "Wait",
    "tag_description" : "Wait"
  }, {
    "tag_name" : "Want",
    "tag_description" : "Want"
  }, {
    "tag_name" : "WaterBody",
    "tag_description" : null
  }, {
    "tag_name" : "WaterStream",
    "tag_description" : null
  }, {
    "tag_name" : "Wear",
    "tag_description" : "Wear"
  }, {
    "tag_name" : "Weather",
    "tag_description" : "Weather"
  }, {
    "tag_name" : "Week",
    "tag_description" : null
  }, {
    "tag_name" : "Weight",
    "tag_description" : null
  }, {
    "tag_name" : "Win",
    "tag_description" : null
  }, {
    "tag_name" : "Wink",
    "tag_description" : "Wink"
  }, {
    "tag_name" : "Wipe_instr",
    "tag_description" : "Wipe_instr"
  }, {
    "tag_name" : "Wipe_manner",
    "tag_description" : "Wipe_manner"
  }, {
    "tag_name" : "Withdraw",
    "tag_description" : "Withdraw"
  }, {
    "tag_name" : "Work",
    "tag_description" : null
  }, {
    "tag_name" : "Worth",
    "tag_description" : null
  }, {
    "tag_name" : "Wrap",
    "tag_description" : "Wrap"
  }, {
    "tag_name" : "Year",
    "tag_description" : null
  } ],
  "create_tag" : false
}