{
  "name" : "Semantic Relation Labels",
  "description" : "Semantic roles",
  "language" : null,
  "tags" : [ {
    "tag_name" : "Addition (Logic)",
    "tag_description" : "Between coordinated elements (conjunction)"
  }, {
    "tag_name" : "Agent (Core and non-core)",
    "tag_description" : "Entity"
  }, {
    "tag_name" : "Alternative (Logic)",
    "tag_description" : "Between coordinated elements (disjunction)"
  }, {
    "tag_name" : "ArgumentIn",
    "tag_description" : null
  }, {
    "tag_name" : "ArgumentOut",
    "tag_description" : null
  }, {
    "tag_name" : "Aspect (Attributes)",
    "tag_description" : "* process\r\n* habitual\r\n* state\r\n* activity\r\n* endeavor\r\n* performance"
  }, {
    "tag_name" : "Asset (Core and non-core)",
    "tag_description" : "Entity"
  }, {
    "tag_name" : "Attribute (Core and non-core)",
    "tag_description" : "Entity"
  }, {
    "tag_name" : "Beneficiary (Core and non-core)",
    "tag_description" : "Entity"
  }, {
    "tag_name" : "Cause  (Core and non-core)",
    "tag_description" : "Predicate or entity"
  }, {
    "tag_name" : "Cause (Discourse)",
    "tag_description" : "Predicate or entity"
  }, {
    "tag_name" : "Comparison (Discourse)",
    "tag_description" : "Predicate or entity"
  }, {
    "tag_name" : "ComparisonExact (Discourse)",
    "tag_description" : null
  }, {
    "tag_name" : "ComparisonFuzzy (Discourse)",
    "tag_description" : null
  }, {
    "tag_name" : "ComparisonMax (Discourse)",
    "tag_description" : null
  }, {
    "tag_name" : "ComparisonMin (Discourse)",
    "tag_description" : null
  }, {
    "tag_name" : "Conclusion (Discourse)",
    "tag_description" : "Predicate"
  }, {
    "tag_name" : "Condition (Discourse)",
    "tag_description" : "Predicate"
  }, {
    "tag_name" : "Consequence (Discourse)",
    "tag_description" : "Predicate"
  }, {
    "tag_name" : "Destination (Core and non-core)",
    "tag_description" : "Predicate or entity"
  }, {
    "tag_name" : "Event (Core and non-core)",
    "tag_description" : "Predicate"
  }, {
    "tag_name" : "Experiencer (Core and non-core)",
    "tag_description" : "Entity"
  }, {
    "tag_name" : "Explanation (Discourse)",
    "tag_description" : "Predicate"
  }, {
    "tag_name" : "Illustration (Discourse)",
    "tag_description" : "Predicate"
  }, {
    "tag_name" : "Instrument (Core and non-core)",
    "tag_description" : "Predicate or entity"
  }, {
    "tag_name" : "Location (Core and non-core)",
    "tag_description" : "Entity"
  }, {
    "tag_name" : "LocationExact (Core and non-core)",
    "tag_description" : "Entity"
  }, {
    "tag_name" : "LocationFuzzy (Core and non-core)",
    "tag_description" : "Entity"
  }, {
    "tag_name" : "LocationSpan (Core and non-core)",
    "tag_description" : "Entity"
  }, {
    "tag_name" : "Manner (Core and non-core)",
    "tag_description" : "Adverbial"
  }, {
    "tag_name" : "Material  (Core and non-core)",
    "tag_description" : "Entity"
  }, {
    "tag_name" : "Measure (Attributes)",
    "tag_description" : null
  }, {
    "tag_name" : "MeasureExact (Attributes)",
    "tag_description" : null
  }, {
    "tag_name" : "MeasureFuzzy (Attributes)",
    "tag_description" : null
  }, {
    "tag_name" : "MeasureMax (Attributes)",
    "tag_description" : null
  }, {
    "tag_name" : "MeasureMin (Attributes)",
    "tag_description" : null
  }, {
    "tag_name" : "Modality (Attributes)",
    "tag_description" : "* obligation\r\n* capacity\r\n* wish\r\n* suggestion\r\n* uncertain\r\n* temporal"
  }, {
    "tag_name" : "Opposition (Discourse)",
    "tag_description" : "Predicate"
  }, {
    "tag_name" : "Ordinal (Core and non-core)",
    "tag_description" : null
  }, {
    "tag_name" : "Patient (Core and non-core)",
    "tag_description" : "Entity"
  }, {
    "tag_name" : "Pivot (Core and non-core)",
    "tag_description" : "Entity"
  }, {
    "tag_name" : "Polarity (Attributes)",
    "tag_description" : "*negative\r\n*positive"
  }, {
    "tag_name" : "Product (Core and non-core)",
    "tag_description" : "Predicate or Entity"
  }, {
    "tag_name" : "Property (Attributes)",
    "tag_description" : null
  }, {
    "tag_name" : "Purpose (Discourse)",
    "tag_description" : "Predicate or entity"
  }, {
    "tag_name" : "Recipient (Core and non-core)",
    "tag_description" : "Entity"
  }, {
    "tag_name" : "Relative (Core and non-Core)",
    "tag_description" : null
  }, {
    "tag_name" : "Restriction (Discourse)",
    "tag_description" : "Predicate"
  }, {
    "tag_name" : "Result (Core and non-core)",
    "tag_description" : "Predicate or entity"
  }, {
    "tag_name" : "SameAs (Coreference)",
    "tag_description" : "Predicate or entity"
  }, {
    "tag_name" : "Source (Core and non-core)",
    "tag_description" : "Predicate or entity"
  }, {
    "tag_name" : "Stimulus (Core and non-core)",
    "tag_description" : "Predicate or entity"
  }, {
    "tag_name" : "Theme (Core and non-core)",
    "tag_description" : "Entity"
  }, {
    "tag_name" : "Time (Temporal)",
    "tag_description" : "Predicate or timestamp"
  }, {
    "tag_name" : "TimeDuration (Temporal)",
    "tag_description" : "Predicate or timestamp"
  }, {
    "tag_name" : "TimeExact (Temporal)",
    "tag_description" : "Predicate or timestamp"
  }, {
    "tag_name" : "TimeFrequency (Temporal)",
    "tag_description" : null
  }, {
    "tag_name" : "TimeFuzzy (Temporal)",
    "tag_description" : "Predicate or timestamp"
  }, {
    "tag_name" : "TimeMax (Temporal)",
    "tag_description" : "Predicate or timestamp"
  }, {
    "tag_name" : "TimeMin (Temporal)",
    "tag_description" : "Predicate or timestamp"
  }, {
    "tag_name" : "Topic (Core and non-core)",
    "tag_description" : "Predicate or entity"
  }, {
    "tag_name" : "Type (Attributes)",
    "tag_description" : "Any semantic type from the ontology:\r\n*feminine (for Human semantic type only) \r\n*masculine (for Human semantic type only)\r\n*question-closed (for polar questions) \r\n*question-choice (for alternative questions)\r\n*question-open (for variable questions)"
  }, {
    "tag_name" : "Unknown (Core and non-core)",
    "tag_description" : "Unknown"
  }, {
    "tag_name" : "Value (Core and non-core)",
    "tag_description" : "Entity"
  }, {
    "tag_name" : "Whatever (Discourse)",
    "tag_description" : "Predicate"
  } ],
  "create_tag" : false
}